[
    {
        "model": "auth.user",
        "pk": 1,
        "fields": {
            "password": "pbkdf2_sha256$216000$jW5swHrr6OhM$G75IHK/TthAaro0gU0OsXG7dc+fig2SArHKjna8OL5I=",
            "last_login": "2020-12-06T08:02:42.193Z",
            "is_superuser": true,
            "username": "simple.shivam014@gmail.com",
            "first_name": "Shivam",
            "last_name": "Sharma",
            "email": "simple.shivam014@gmail.com",
            "is_staff": true,
            "is_active": true,
            "date_joined": "2020-10-01T13:04:44.652Z",
            "groups": [],
            "user_permissions": []
        }
    },
    {
        "model": "auth.user",
        "pk": 2,
        "fields": {
            "password": "pbkdf2_sha256$216000$jW5swHrr6OhM$G75IHK/TthAaro0gU0OsXG7dc+fig2SArHKjna8OL5I=",
            "last_login": "2020-12-05T06:44:14.600Z",
            "is_superuser": true,
            "username": "zkhan1093@gmail.com",
            "first_name": "Zeeshan",
            "last_name": "Khan",
            "email": "zkhan1093@gmail.com",
            "is_staff": true,
            "is_active": true,
            "date_joined": "2020-10-01T13:04:44.652Z",
            "groups": [],
            "user_permissions": []
        }
    },
    {
        "model": "auth.user",
        "pk": 3,
        "fields": {
            "password": "pbkdf2_sha256$216000$UBPJMWO9L9cw$f7XPLnA/4sGkaNykR7LCO8slj3oKdfPpQ+8n9ZxxLOE=",
            "last_login": null,
            "is_superuser": false,
            "username": "praveenkumarjagadish@gmail.com",
            "first_name": "Praveen",
            "last_name": "",
            "email": "praveenkumarjagadish@gmail.com",
            "is_staff": false,
            "is_active": true,
            "date_joined": "2020-12-05T07:36:57.216Z",
            "groups": [],
            "user_permissions": []
        }
    },
    {
        "model": "auth.user",
        "pk": 4,
        "fields": {
            "password": "pbkdf2_sha256$216000$YXjU1POv5cnU$XklRjjpnuL/AdwSlZIkj3JE1Sso/fbd/PYkP/b/QwzQ=",
            "last_login": null,
            "is_superuser": false,
            "username": "durbardasgupta.srccgbo@gmail.com",
            "first_name": "Durbar",
            "last_name": "Dasgupta",
            "email": "durbardasgupta.srccgbo@gmail.com",
            "is_staff": false,
            "is_active": true,
            "date_joined": "2020-12-05T14:41:08.365Z",
            "groups": [],
            "user_permissions": []
        }
    },
    {
        "model": "auth.user",
        "pk": 5,
        "fields": {
            "password": "",
            "last_login": null,
            "is_superuser": false,
            "username": "durbar94@gmail.com",
            "first_name": "Bsing",
            "last_name": "",
            "email": "durbar94@gmail.com",
            "is_staff": false,
            "is_active": true,
            "date_joined": "2020-12-05T19:00:59.798Z",
            "groups": [],
            "user_permissions": []
        }
    },
    {
        "model": "auth.user",
        "pk": 6,
        "fields": {
            "password": "pbkdf2_sha256$216000$DrRg2T161fUH$KzBm8OXNAWfXIEMwLc+pZiuKrtDEM6CPzjmdKepo0yM=",
            "last_login": null,
            "is_superuser": false,
            "username": "abdullahsaghirahmad@gmail.com",
            "first_name": "Abdullah",
            "last_name": "",
            "email": "abdullahsaghirahmad@gmail.com",
            "is_staff": false,
            "is_active": true,
            "date_joined": "2020-12-05T20:57:40.294Z",
            "groups": [],
            "user_permissions": []
        }
    },
    {
        "model": "authtoken.token",
        "pk": "0f169f470c0bae91bc6998cce8f4ac439801b043",
        "fields": {
            "user": 3,
            "created": "2020-12-05T07:37:23.559Z"
        }
    },
    {
        "model": "authtoken.token",
        "pk": "3c21f1700dda1c5115e9de40e646fe83928022c4",
        "fields": {
            "user": 2,
            "created": "2020-12-05T06:43:50.833Z"
        }
    },
    {
        "model": "authtoken.token",
        "pk": "3e0a8630ca75450d932cdcd0080d94c6551feaf4",
        "fields": {
            "user": 4,
            "created": "2020-12-05T14:41:29.413Z"
        }
    },
    {
        "model": "authtoken.token",
        "pk": "d36a6b21f3034676b74afa452906735df7ccf1bf",
        "fields": {
            "user": 1,
            "created": "2020-12-05T06:45:59.063Z"
        }
    },
    {
        "model": "authtoken.token",
        "pk": "dea662b0dec6b35626e9e2ce5b274c82b54f92cf",
        "fields": {
            "user": 6,
            "created": "2020-12-05T20:57:45.040Z"
        }
    },
    {
        "model": "api.profile",
        "pk": 1,
        "fields": {
            "user": 1,
            "about": "",
            "city": "Delhi",
            "mobile": null,
            "gender": "M",
            "dob": "1993-10-07",
            "image": "/media/profile/a890094e-0d01-4c1e-ab87-fb4e033c4578.png",
            "is_celeb": true,
            "mcoins": 0.0,
            "level": 1,
            "pop_score": 0.0,
            "engagement_score": 0.0,
            "roles": [
                2
            ],
            "follows": [],
            "watchlist": []
        }
    },
    {
        "model": "api.profile",
        "pk": 2,
        "fields": {
            "user": 2,
            "about": "",
            "city": "Lucknow",
            "mobile": "8932061116",
            "gender": "M",
            "dob": "1993-10-07",
            "image": "https://lh3.googleusercontent.com/ogw/ADGmqu_ROyhxdiC8S8an63aKUds-000enGPpbCyMidUhkA=s32-c-mo",
            "is_celeb": false,
            "mcoins": 0.0,
            "level": 1,
            "pop_score": 0.0,
            "engagement_score": 0.0,
            "roles": [],
            "follows": [],
            "watchlist": []
        }
    },
    {
        "model": "api.profile",
        "pk": 3,
        "fields": {
            "user": 3,
            "about": null,
            "city": "Hyderabad",
            "mobile": "918143825915",
            "gender": "M",
            "dob": "2007-12-31",
            "image": "/media/profile/a51c6f20-89d3-4342-aa6f-e9466e36ce34.png",
            "is_celeb": false,
            "mcoins": 0.0,
            "level": 1,
            "pop_score": 0.0,
            "engagement_score": 0.0,
            "roles": [
                1,
                2,
                3,
                4,
                5
            ],
            "follows": [],
            "watchlist": []
        }
    },
    {
        "model": "api.profile",
        "pk": 4,
        "fields": {
            "user": 4,
            "about": null,
            "city": "Delhi",
            "mobile": "916290816824",
            "gender": "M",
            "dob": "1996-12-18",
            "image": "/media/profile/6258aedc-3686-4c56-aad3-d129d0c66acd.png",
            "is_celeb": false,
            "mcoins": 0.0,
            "level": 1,
            "pop_score": 0.0,
            "engagement_score": 0.0,
            "roles": [
                2
            ],
            "follows": [],
            "watchlist": []
        }
    },
    {
        "model": "api.profile",
        "pk": 5,
        "fields": {
            "user": 5,
            "about": null,
            "city": null,
            "mobile": "+91 8017020083",
            "gender": null,
            "dob": null,
            "image": null,
            "is_celeb": false,
            "mcoins": 0.0,
            "level": 1,
            "pop_score": 0.0,
            "engagement_score": 0.0,
            "roles": [],
            "follows": [],
            "watchlist": []
        }
    },
    {
        "model": "api.profile",
        "pk": 6,
        "fields": {
            "user": 6,
            "about": null,
            "city": "Lucknow",
            "mobile": "917007545997",
            "gender": "M",
            "dob": "1992-06-27",
            "image": null,
            "is_celeb": false,
            "mcoins": 0.0,
            "level": 1,
            "pop_score": 0.0,
            "engagement_score": 0.0,
            "roles": [],
            "follows": [],
            "watchlist": []
        }
    },
    {
        "model": "api.order",
        "pk": 1,
        "fields": {
            "order_id": null,
            "payment_id": null,
            "receipt_number": null,
            "amount": null,
            "created_at": "2020-10-14T07:42:28.377Z",
            "owner": 2
        }
    },
    {
        "model": "api.order",
        "pk": 2,
        "fields": {
            "order_id": null,
            "payment_id": null,
            "receipt_number": null,
            "amount": null,
            "created_at": "2020-10-14T07:42:28.377Z",
            "owner": 2
        }
    },
    {
        "model": "api.order",
        "pk": 3,
        "fields": {
            "order_id": "order_G9GSF7FSFPn64x",
            "payment_id": "pay_G9GSTdFRfRziap",
            "receipt_number": "26d6c67f68bb058cf562fac4ffbe972b",
            "amount": 47400.0,
            "created_at": "2020-12-05T06:46:53.426Z",
            "owner": 1
        }
    },
    {
        "model": "api.order",
        "pk": 4,
        "fields": {
            "order_id": "order_G9JNeS6Q2vEz9p",
            "payment_id": "pay_G9JO8PIHvJ4ZXG",
            "receipt_number": "707dd05e10ee156205cbeb2622ed1ed2",
            "amount": 47400.0,
            "created_at": "2020-12-05T09:38:53.395Z",
            "owner": 3
        }
    },
    {
        "model": "api.order",
        "pk": 5,
        "fields": {
            "order_id": "order_G9O7nRdkLcJQ17",
            "payment_id": "pay_G9O82T0N03PGsY",
            "receipt_number": "67e1067dd834c7a1cdf3c7963adf30b4",
            "amount": 47400.0,
            "created_at": "2020-12-05T14:17:21.437Z",
            "owner": 3
        }
    },
    {
        "model": "api.order",
        "pk": 6,
        "fields": {
            "order_id": "order_G9OB8cJBmvaWvi",
            "payment_id": "pay_G9OBV1lfx9DMJq",
            "receipt_number": "5bf4962bec2b5e70a7efa52ed29bb356",
            "amount": 47400.0,
            "created_at": "2020-12-05T14:20:32.402Z",
            "owner": 3
        }
    },
    {
        "model": "api.order",
        "pk": 7,
        "fields": {
            "order_id": "order_G9OX2OAgJj9jAY",
            "payment_id": "pay_G9OXDUekpSoH7g",
            "receipt_number": "d1a0c8bb025cabc3a0d8c26b1b8340f0",
            "amount": 37500.0,
            "created_at": "2020-12-05T14:41:04.949Z",
            "owner": 3
        }
    },
    {
        "model": "api.order",
        "pk": 8,
        "fields": {
            "order_id": "order_G9OyjWhIPOT2Xi",
            "payment_id": "pay_G9OyyxbsE2BY6n",
            "receipt_number": "b5a05d7e8aeeb303f93b5596c7979eb0",
            "amount": 47400.0,
            "created_at": "2020-12-05T15:07:12.081Z",
            "owner": 3
        }
    },
    {
        "model": "api.order",
        "pk": 9,
        "fields": {
            "order_id": "order_G9Oq8H1Oz9F3Oa",
            "payment_id": "pay_G9OqqCcPxEvKLp",
            "receipt_number": "8be7f8e5507cb791972b8dc00d919b10",
            "amount": 47400.0,
            "created_at": "2020-12-05T14:59:33.288Z",
            "owner": 4
        }
    },
    {
        "model": "api.order",
        "pk": 10,
        "fields": {
            "order_id": "order_G9P1FyBzfAslwf",
            "payment_id": "pay_G9P1MGbc1xGbk4",
            "receipt_number": "9af819416de8feb007fba1059870151a",
            "amount": 47400.0,
            "created_at": "2020-12-05T15:09:26.492Z",
            "owner": 3
        }
    },
    {
        "model": "api.order",
        "pk": 11,
        "fields": {
            "order_id": null,
            "payment_id": null,
            "receipt_number": null,
            "amount": null,
            "created_at": "2020-12-05T18:37:33.024Z",
            "owner": 4
        }
    },
    {
        "model": "api.order",
        "pk": 12,
        "fields": {
            "order_id": "order_G9Sy8DzRzisFDD",
            "payment_id": "pay_G9SyG3nA7USMrx",
            "receipt_number": "df293e67a6a00cd4071dc4123b06fdda",
            "amount": 47400.0,
            "created_at": "2020-12-05T19:01:18.221Z",
            "owner": 4
        }
    },
    {
        "model": "api.order",
        "pk": 13,
        "fields": {
            "order_id": null,
            "payment_id": null,
            "receipt_number": null,
            "amount": null,
            "created_at": "2020-12-05T19:12:41.122Z",
            "owner": 4
        }
    },
    {
        "model": "api.order",
        "pk": 14,
        "fields": {
            "order_id": "order_G9V1TrR8EsiVAR",
            "payment_id": "pay_G9V29aQYKKj8qN",
            "receipt_number": "98bb64d12eddad42e4609da47eba08ef",
            "amount": 47400.0,
            "created_at": "2020-12-05T21:02:24.110Z",
            "owner": 6
        }
    },
    {
        "model": "api.package",
        "pk": 1,
        "fields": {
            "name": "standard pack",
            "amount": 37500.0
        }
    },
    {
        "model": "api.package",
        "pk": 2,
        "fields": {
            "name": "premium pack",
            "amount": 47400.0
        }
    },
    {
        "model": "api.movie",
        "pk": 3,
        "fields": {
            "created_at": "2020-12-05T06:46:32.041Z",
            "order": 3,
            "package": 2,
            "state": "P",
            "title": "30 Days of Existence",
            "link": "https://www.youtube.com/watch?v=KS0bagkAC4Y&ab_channel=MoviepediaOfficial",
            "runtime": 5.0,
            "about": "orem Ipsum is simply dummy text of the printing and typesetting industry. Lorem Ipsum has been the industry's standard dummy text ever since the 1500s, when an unknown printer took a galley of type and scrambled it to make a type specimen book. It has survived not only five centuries, but also the leap into electronic typesetting, remaining essentially unchanged. It was popularised in the 1960s with the release of Letraset sheets containing Lorem Ipsum passages, and more recently with desktop publishing software like Aldus PageMaker including versions of Lorem Ipsum.",
            "lang": 1,
            "poster": null,
            "month": "2020-12-06",
            "publish_on": "2020-12-06T08:35:40Z",
            "jury_rating": 7.5,
            "audience_rating": 7.0,
            "genres": [
                1
            ]
        }
    },
    {
        "model": "api.movie",
        "pk": 4,
        "fields": {
            "created_at": "2020-12-05T09:38:16.485Z",
            "order": 4,
            "package": 2,
            "state": "S",
            "title": "Last letter",
            "link": "https://m.youtube.com/watch?v=f9eqfyFtg0k",
            "runtime": 3.0,
            "about": "",
            "lang": 1,
            "poster": null,
            "month": null,
            "publish_on": null,
            "jury_rating": 0.0,
            "audience_rating": 0.0,
            "genres": [
                1
            ]
        }
    },
    {
        "model": "api.movie",
        "pk": 5,
        "fields": {
            "created_at": "2020-12-05T14:16:43.536Z",
            "order": 5,
            "package": 2,
            "state": "S",
            "title": "Life",
            "link": "https://m.youtube.com/watch?v=eo4FZWhbd8Y",
            "runtime": 3.0,
            "about": "",
            "lang": 1,
            "poster": null,
            "month": null,
            "publish_on": null,
            "jury_rating": 0.0,
            "audience_rating": 0.0,
            "genres": [
                2,
                4
            ]
        }
    },
    {
        "model": "api.movielanguage",
        "pk": 1,
        "fields": {
            "name": "English"
        }
    },
    {
        "model": "api.movielanguage",
        "pk": 2,
        "fields": {
            "name": "Hind"
        }
    },
    {
        "model": "api.movielanguage",
        "pk": 3,
        "fields": {
            "name": "Tamil"
        }
    },
    {
        "model": "api.movielanguage",
        "pk": 4,
        "fields": {
            "name": "Urdu"
        }
    },
    {
        "model": "api.movielanguage",
        "pk": 5,
        "fields": {
            "name": "Kannad"
        }
    },
    {
        "model": "api.movielanguage",
        "pk": 6,
        "fields": {
            "name": "Marathi"
        }
    },
    {
        "model": "api.movielanguage",
        "pk": 7,
        "fields": {
            "name": "Bhojpuri"
        }
    },
    {
        "model": "api.role",
        "pk": 1,
        "fields": {
            "name": "Actor"
        }
    },
    {
        "model": "api.role",
        "pk": 2,
        "fields": {
            "name": "Director"
        }
    },
    {
        "model": "api.role",
        "pk": 3,
        "fields": {
            "name": "Producer"
        }
    },
    {
        "model": "api.role",
        "pk": 4,
        "fields": {
            "name": "Singer"
        }
    },
    {
        "model": "api.role",
        "pk": 5,
        "fields": {
            "name": "Musician"
        }
    },
    {
        "model": "api.role",
        "pk": 6,
        "fields": {
            "name": "Cameraman"
        }
    },
    {
        "model": "api.contesttype",
        "pk": 1,
        "fields": {
            "name": "Monthly"
        }
    },
    {
        "model": "api.contest",
        "pk": 1,
        "fields": {
            "name": "Nov 2020",
            "start": "2020-11-13T09:54:36Z",
            "end": "2021-11-13T09:54:39Z",
            "days_per_movie": 15,
            "type": 1,
            "state": "L",
            "max_recommends": 2
        }
    },
    {
        "model": "api.contest",
        "pk": 2,
        "fields": {
            "name": "Dec 2020",
            "start": "2020-12-06T09:54:36Z",
            "end": "2021-12-09T09:54:39Z",
            "days_per_movie": 15,
            "type": 1,
            "state": "L",
            "max_recommends": 20
        }
    },
    {
        "model": "api.genre",
        "pk": 1,
        "fields": {
            "name": "drama"
        }
    },
    {
        "model": "api.genre",
        "pk": 2,
        "fields": {
            "name": "crime"
        }
    },
    {
        "model": "api.genre",
        "pk": 3,
        "fields": {
            "name": "thrill"
        }
    },
    {
        "model": "api.genre",
        "pk": 4,
        "fields": {
            "name": "comedy"
        }
    },
    {
        "model": "api.movie",
        "pk": 6,
        "fields": {
            "created_at": "2020-12-05T14:19:54.304Z",
            "order": 6,
            "package": 2,
            "state": "S",
            "title": "Song",
            "link": "https://m.youtube.com/watch?v=lbHg8ypKyYU",
            "runtime": 4.0,
            "about": "",
            "lang": 5,
            "poster": null,
            "month": null,
            "publish_on": null,
            "jury_rating": 0.0,
            "audience_rating": 0.0,
            "genres": [
                4
            ]
        }
    },
    {
        "model": "api.movie",
        "pk": 8,
        "fields": {
            "created_at": "2020-12-05T14:52:37.624Z",
            "order": 8,
            "package": 2,
            "state": "P",
            "title": "Caro",
            "link": "https://m.youtube.com/watch?v=F7BbwKfgq84",
            "runtime": 25.0,
            "about": "sfljkselgjslekjfgklshgj;kdhzrkgdlsekfeshfasgdj;rhaesruidfgsrigosjdvhkskxghdfsesjfkhewiefhvjgvidfshjdjkshjkfdhskvchkvhcdfzvbsfljkselgjslekjfgklshgj;kdhzrkgdlsekfeshfasgdj;rhaesruidfgsrigosjdvhkskxghdfsesjfkhewiefhvjgvidfshjdjkshjkfdhskvchkvhcdfzvbsfljkselgjslekjfgklshgj;kdhzrkgdlsekfeshfasgdj;rhaesruidfgsrigosjdvhkskxghdfsesjfkhewiefhvjgvidfshjdjkshjkfdhskvchkvhcdfzvbsfljkselgjslekjfgklshgj;kdhzrkgdlsekfeshfasgdj;rhaesruidfgsrigosjdvhkskxghdfsesjfkhewiefhvjgvidfshjdjkshjkfdhskvchkvhcdfzvbsfljkselgjslekjfgklshgj;kdhzrkgdlsekfeshfasgdj;rhaesruidfgsrigosjdvhkskxghdfsesjfkhewiefhvjgvidfshjdjkshjkfdhskvchkvhcdfzvbsfljkselgjslekjfgklshgj;kdhzrkgdlsekfeshfasgdj;rhaesruidfgsrigosjdvhkskxghdfsesjfkhewiefhvjgvidfshjdjkshjkfdhskvchkvhcdfzvbsfljkselgjslekjfgklshgj;kdhzrkgdlsekfeshfasgdj;rhaesruidfgsrigosjdvhkskxghdfsesjfkhewiefhvjgvidfshjdjkshjkfdhskvchkvhcdfzvbsfljkselgjslekjfgklshgj;kdhzrkgdlsekfeshfasgdj;rhaesruidfgsrigosjdvhkskxghdfsesjfkhewiefhvjgvidfshjdjkshjkfdhskvchkvhcdfzvbsfljkselgjslekjfgklshgj;kdhzrkgdlsekfeshfasgdj;rhaesruidfgsrigosjdvhkskxghdfsesjfkhewiefhvjgvidfshjdjkshjkfdhskvchkvhcdfzvbsfljkselgjslekjfgklshgj;kdhzrkgdlsekfeshfasgdj;rhaesruidfgsrigosjdvhkskxghdfsesjfkhewiefhvjgvidfshjdjkshjkfdhskvchkvhcdfzvbsfljkselgjslekjfgklshgj;kdhzrkgdlsekfeshfasgdj;rhaesruidfgsrigosjdvhkskxghdfsesjfkhewiefhvjgvidfshjdjkshjkfdhskvchkvhcdfzvbsfljkselgjslekjfgklshgj;kdhzrkgdlsekfeshfasgdj;rhaesruidfgsrigosjdvhkskxghdfsesjfkhewiefhvjgvidfshjdjkshjkfdhskvchkvhcdfzvb",
            "lang": 6,
            "poster": null,
            "month": "2020-12-06",
            "publish_on": "2020-12-06T08:42:32Z",
            "jury_rating": 60.0,
            "audience_rating": 4.0,
            "genres": [
                3
            ]
        }
    },
    {
        "model": "api.movie",
        "pk": 13,
        "fields": {
            "created_at": "2020-12-05T19:12:41.127Z",
            "order": 13,
            "package": 2,
            "state": "P",
            "title": "Bhoot",
            "link": "https://youtu.be/qrzk5TgCjWk",
            "runtime": 12.0,
            "about": "orem Ipsum is simply dummy text of the printing and typesetting industry. Lorem Ipsum has been the industry's standard dummy text ever since the 1500s, when an unknown printer took a galley of type and scrambled it to make a type specimen book. It has survived not only five centuries, but also the leap into electronic typesetting, remaining essentially unchanged. It was popularised in the 1960s with the release of Letraset sheets containing Lorem Ipsum passages, and more recently with desktop publishing software like Aldus PageMaker including versions of Lorem Ipsum.",
            "lang": 1,
            "poster": null,
            "month": "2020-12-06",
            "publish_on": "2020-12-06T08:17:22Z",
            "jury_rating": 7.0,
            "audience_rating": 0.0,
            "genres": [
                1
            ]
        }
    },
    {
        "model": "api.movie",
        "pk": 14,
        "fields": {
            "created_at": "2020-12-05T21:01:34.031Z",
            "order": 14,
            "package": 2,
            "state": "P",
            "title": "Gokarna",
            "link": "https://www.youtube.com/watch?v=r8k44huji8g&ab_channel=AbdullahSaghirAhmad",
            "runtime": 2.0,
            "about": "\"You have to believe. Otherwise, it will never happen.\" So, yeah, here's my first cinematic travel video! They say that the real voyage of discovery consists not in seeking new landscapes, but in having new eyes. With this aim in my mind and a rig consisting of Nikon D5200 (basic kit lens) and GoPro Hero 7, I set embarked on a journey to capture the essence of Gokarna, Yana, and Murudeshwar through my lens.",
            "lang": 1,
            "poster": "https://depositphotos.com/19049237/stock-photo-leaf.html",
            "month": "2020-12-06",
            "publish_on": "2020-12-06T08:40:05Z",
            "jury_rating": 10.0,
            "audience_rating": 0.0,
            "genres": [
                4
            ]
        }
    },
    {
        "model": "api.crewmember",
        "pk": 6,
        "fields": {
            "movie": 3,
            "profile": 1,
            "role": 2
        }
    },
    {
        "model": "api.crewmember",
        "pk": 8,
        "fields": {
            "movie": 4,
            "profile": 3,
            "role": 3
        }
    },
    {
        "model": "api.crewmember",
        "pk": 9,
        "fields": {
            "movie": 4,
            "profile": 3,
            "role": 2
        }
    },
    {
        "model": "api.crewmember",
        "pk": 11,
        "fields": {
            "movie": 5,
            "profile": 3,
            "role": 1
        }
    },
    {
        "model": "api.crewmember",
        "pk": 12,
        "fields": {
            "movie": 5,
            "profile": 3,
            "role": 2
        }
    },
    {
        "model": "api.crewmember",
        "pk": 14,
        "fields": {
            "movie": 6,
            "profile": 3,
            "role": 4
        }
    },
    {
        "model": "api.crewmember",
        "pk": 15,
        "fields": {
            "movie": 6,
            "profile": 3,
            "role": 2
        }
    },
    {
        "model": "api.crewmember",
        "pk": 26,
        "fields": {
            "movie": 8,
            "profile": 3,
            "role": 4
        }
    },
    {
        "model": "api.crewmember",
        "pk": 27,
        "fields": {
            "movie": 8,
            "profile": 3,
            "role": 2
        }
    },
    {
        "model": "api.crewmember",
        "pk": 34,
        "fields": {
            "movie": 13,
            "profile": 4,
            "role": 2
        }
    },
    {
        "model": "api.crewmember",
        "pk": 36,
        "fields": {
            "movie": 14,
            "profile": 6,
            "role": 3
        }
    },
    {
        "model": "api.crewmember",
        "pk": 37,
        "fields": {
            "movie": 14,
            "profile": 6,
            "role": 2
        }
    }
]